current_name,new_name
A32NX-FLASH.PNG,A380X_FLASH.PNG
A380_CABIN_CARPET_DETAIL_ALBEDO.PNG,A380X_CABIN_CARPET_DETAIL_ALBD.PNG
A380_CABIN_CARPET_DETAIL_COMB.PNG,A380X_CABIN_CARPET_DETAIL_COMB.PNG
A380_CABIN_CARPET_DETAIL_NORM2.PNG,A380X_CABIN_CARPET_DETAIL_NORM.PNG
A380_CABIN_NTF_DETAIL_ALBEDO.PNG,A380X_CABIN_NTF_DETAIL_ALBD.PNG
A380_CABIN_NTF_DETAIL_COMP.PNG,A380X_CABIN_NTF_DETAIL_COMP.PNG
A380_CABIN_NTF_DETAIL_NORM.PNG,A380X_CABIN_NTF_DETAIL_NORM.PNG
A380_COCKPIT_AFT_MISC01_4K_ALBEDO.PNG,A380X_COCKPIT_AFT_MISC01_ALBD.PNG
A380_COCKPIT_AFT_MISC01_4K_COMP.PNG,A380X_COCKPIT_AFT_MISC01_COMP.PNG
A380_COCKPIT_AFT_MISC01_4K_NORMAL.PNG,A380X_COCKPIT_AFT_MISC01_NORM.PNG
A380_COCKPIT_AFT_MISC02_4K_ALBEDO.PNG,A380X_COCKPIT_AFT_MISC02_ALBD.PNG
A380_COCKPIT_AFT_MISC02_4K_COMP.PNG,A380X_COCKPIT_AFT_MISC02_COMP.PNG
A380_COCKPIT_AFT_MISC02_4K_NORMAL.PNG,A380X_COCKPIT_AFT_MISC02_NORM.PNG
A380_COCKPIT_AFT_MISC03_4K_ALBEDO.PNG,A380X_COCKPIT_AFT_MISC03_ALBD.PNG
A380_COCKPIT_AFT_MISC03_4K_COMP.PNG,A380X_COCKPIT_AFT_MISC03_COMP.PNG
A380_COCKPIT_AFT_MISC03_4K_NORMAL.PNG,A380X_COCKPIT_AFT_MISC03_NORM.PNG
A380_COCKPIT_AFT_MISC04_4K_ALBEDO.PNG,A380X_COCKPIT_AFT_MISC04_ALBD.PNG
A380_COCKPIT_AFT_MISC04_4K_COMP.PNG,A380X_COCKPIT_AFT_MISC04_COMP.PNG
A380_COCKPIT_AFT_MISC04_4K_NORMAL.PNG,A380X_COCKPIT_AFT_MISC04_NORM.PNG
A380_COCKPIT_AFT_MISC05_4K_ALBEDO.PNG,A380X_COCKPIT_AFT_MISC05_ALBD.PNG
A380_COCKPIT_AFT_MISC05_4K_COMP.PNG,A380X_COCKPIT_AFT_MISC05_COMP.PNG
A380_COCKPIT_AFT_MISC05_4K_NORMAL.PNG,A380X_COCKPIT_AFT_MISC05_NORM.PNG
A380_COCKPIT_BACKWALL_4K_ALBEDO.PNG,A380X_COCKPIT_BACKWALL_ALBD.PNG
A380_COCKPIT_BACKWALL_4K_COMP.PNG,A380X_COCKPIT_BACKWALL_COMP.PNG
A380_COCKPIT_BACKWALL_4K_NORMAL.PNG,A380X_COCKPIT_BACKWALL_NORM.PNG
A380_COCKPIT_CEILING01_4K_ALBEDO.PNG,A380X_COCKPIT_CEILING01_ALBD.PNG
A380_COCKPIT_CEILING01_4K_COMP.PNG,A380X_COCKPIT_CEILING01_COMP.PNG
A380_COCKPIT_CEILING01_4K_NORMAL.PNG,A380X_COCKPIT_CEILING01_NORM.PNG
A380_COCKPIT_CEILING02_4K_ALBEDO.PNG,A380X_COCKPIT_CEILING02_ALBD.PNG
A380_COCKPIT_CEILING02_4K_COMP.PNG,A380X_COCKPIT_CEILING02_COMP.PNG
A380_COCKPIT_CEILING02_4K_NORMAL.PNG,A380X_COCKPIT_CEILING02_NORM.PNG
A380_COCKPIT_DECAL_ALBEDO.PNG,A380X_COCKPIT_DECAL_ALBD.PNG
A380_COCKPIT_DECAL_COMP.PNG,A380X_COCKPIT_DECAL_COMP.PNG
A380_COCKPIT_DECAL_EMIS.PNG,A380X_COCKPIT_DECAL_EMIS.PNG
A380_COCKPIT_DECAL_NORMAL.PNG,A380X_COCKPIT_DECAL_NORM.PNG
A380_COCKPIT_DISPLAY_ALBEDO_SET1.PNG,A380X_COCKPIT_DISPLAY_SET1_ALBD.PNG
A380_COCKPIT_DISPLAY_ALBEDO_SET2.PNG,A380X_COCKPIT_DISPLAY_SET2_ALBD.PNG
A380_COCKPIT_DISPLAY_ALBEDO_SET3.PNG,A380X_COCKPIT_DISPLAY_SET3_ALBD.PNG
A380_COCKPIT_DISPLAY_COMP_SET1.PNG,A380X_COCKPIT_DISPLAY_SET1_COMP.PNG
A380_COCKPIT_DISPLAY_COMP_SET2.PNG,A380X_COCKPIT_DISPLAY_SET2_COMP.PNG
A380_COCKPIT_DISPLAY_COMP_SET3.PNG,A380X_COCKPIT_DISPLAY_SET3_COMP.PNG
A380_COCKPIT_FCU_4K_ALBEDO.PNG,A380X_COCKPIT_FCU_ALBD.PNG
A380_COCKPIT_FCU_4K_COMP.PNG,A380X_COCKPIT_FCU_COMP.PNG
A380_COCKPIT_FCU_4K_NORMAL.PNG,A380X_COCKPIT_FCU_NORM.PNG
A380_COCKPIT_FLOOR_4K_ALBEDO.PNG,A380X_COCKPIT_FLOOR_ALBD.PNG
A380_COCKPIT_FLOOR_4K_COMP.PNG,A380X_COCKPIT_FLOOR_COMP.PNG
A380_COCKPIT_FLOOR_4K_NORM.PNG,A380X_COCKPIT_FLOOR_NORM.PNG
A380_COCKPIT_GLARESHIELD_4K_ALBEDO.PNG,A380X_COCKPIT_GLARESHIELD_ALBD.PNG
A380_COCKPIT_GLARESHIELD_4K_COMP.PNG,A380X_COCKPIT_GLARESHIELD_COMP.PNG
A380_COCKPIT_GLARESHIELD_4K_NORMAL.PNG,A380X_COCKPIT_GLARESHIELD_NORM.PNG
A380_COCKPIT_KEYBOARD_ALBEDO.PNG,A380X_COCKPIT_KEYBOARD_ALBD.PNG
A380_COCKPIT_KEYBOARD_COMP.PNG,A380X_COCKPIT_KEYBOARD_COMP.PNG
A380_COCKPIT_KEYBOARD_NORMAL.PNG,A380X_COCKPIT_KEYBOARD_NORM.PNG
A380_COCKPIT_LEATHER01_4K_ALBEDO.PNG,A380X_COCKPIT_LEATHER01_ALBD.PNG
A380_COCKPIT_LEATHER01_4K_COMP.PNG,A380X_COCKPIT_LEATHER01_COMP.PNG
A380_COCKPIT_LEATHER01_4K_NORMAL.PNG,A380X_COCKPIT_LEATHE01_NORM.PNG
A380_COCKPIT_LEATHER02_4K_ALBEDO.PNG,A380X_COCKPIT_LEATHER02_ALBD.PNG
A380_COCKPIT_LEATHER02_4K_COMP.PNG,A380X_COCKPIT_LEATHER02_COMP.PNG
A380_COCKPIT_LEATHER02_4K_NORMAL.PNG,A380X_COCKPIT_LEATHER02_NORM.PNG
A380_COCKPIT_LEATHER03_4K_ALBEDO.PNG,A380X_COCKPIT_LEATHER03_ALBD.PNG
A380_COCKPIT_LEATHER03_4K_COMP.PNG,A380X_COCKPIT_LEATHER03_COMP.PNG
A380_COCKPIT_LEATHER03_4K_NORMAL.PNG,A380X_COCKPIT_LEATHER03_NORM.PNG
A380_COCKPIT_MIP_KNOB01_4K_ALBEDO.PNG,A380X_COCKPIT_MIP_KNOB01_ALBD.PNG
A380_COCKPIT_MIP_KNOB01_4K_COMP.PNG,A380X_COCKPIT_MIP_KNOB01_COMP.PNG
A380_COCKPIT_MIP_KNOB01_4K_EMMIS.PNG,A380X_COCKPIT_MIP_KNOB01_EMIS.PNG
A380_COCKPIT_MIP_KNOB01_4K_NORMAL.PNG,A380X_COCKPIT_MIP_KNOB01_NORM.PNG
A380_COCKPIT_MIP_KNOBS_02_4K_ALBEDO.PNG,A380X_COCKPIT_MIP_KNOBS_02_ALBD.PNG
A380_COCKPIT_MIP_KNOBS_02_4K_COMP.PNG,A380X_COCKPIT_MIP_KNOBS_02_COMP.PNG
A380_COCKPIT_MIP_KNOBS_02_4K_EMMIS.PNG,A380X_COCKPIT_MIP_KNOBS_02_EMIS.PNG
A380_COCKPIT_MIP_KNOBS_02_4K_NORMAL.PNG,A380X_COCKPIT_MIP_KNOBS_02_NORM.PNG
A380_COCKPIT_MIP01_8K_ALBEDO.PNG,A380X_COCKPIT_MIP01_ALBD.PNG
A380_COCKPIT_MIP01_8K_COMP.PNG,A380X_COCKPIT_MIP01_COMP.PNG
A380_COCKPIT_MIP01_8K_NORMAL.PNG,A380X_COCKPIT_MIP01_NORM.PNG
A380_COCKPIT_MIP02_4K_ALBEDO.PNG,A380X_COCKPIT_MIP02_ALBD.PNG
A380_COCKPIT_MIP02_4K_COMP.PNG,A380X_COCKPIT_MIP02_COMP.PNG
A380_COCKPIT_MIP02_4K_NORMAL.PNG,A380X_COCKPIT_MIP02_NORM.PNG
A380_COCKPIT_MIP03_4K_ALBEDO.PNG,A380X_COCKPIT_MIP03_ALBD.PNG
A380_COCKPIT_MIP03_4K_COMP.PNG,A380X_COCKPIT_MIP03_COMP.PNG
A380_COCKPIT_MIP03_4K_EMMIS.PNG,A380X_COCKPIT_MIP03_EMIS.PNG
A380_COCKPIT_MIP03_4K_NORMAL.PNG,A380X_COCKPIT_MIP03_NORM.PNG
A380_COCKPIT_MIP04_4K_ALBEDO.PNG,A380X_COCKPIT_MIP04_ALBD.PNG
A380_COCKPIT_MIP04_4K_COMP.PNG,A380X_COCKPIT_MIP04_COMP.PNG
A380_COCKPIT_MIP04_4K_NORMAL.PNG,A380X_COCKPIT_MIP04_NORM.PNG
A380_COCKPIT_MISC_STUFF_ALBEDO.PNG,A380X_COCKPIT_MISC_STUFF_ALBD.PNG
A380_COCKPIT_MISC_STUFF_COMP.PNG,A380X_COCKPIT_MISC_STUFF_COMP.PNG
A380_COCKPIT_MISC_STUFF_NORMAL.PNG,A380X_COCKPIT_MISC_STUFF_NORM.PNG
A380_COCKPIT_MISC01_4K_ALBEDO.PNG,A380X_COCKPIT_MISC01_ALBD.PNG
A380_COCKPIT_MISC01_4K_COMP.PNG,A380X_COCKPIT_MISC01_COMP.PNG
A380_COCKPIT_MISC01_4K_NORMAL.PNG,A380X_COCKPIT_MISC01_NORM.PNG
A380_COCKPIT_MISC02_ALBEDO.PNG,A380X_COCKPIT_MISC02_ALBD.PNG
A380_COCKPIT_MISC02_COMP.PNG,A380X_COCKPIT_MISC02_COMP.PNG
A380_COCKPIT_MISC02_EMIS.PNG,A380X_COCKPIT_MISC02_EMIS.PNG
A380_COCKPIT_MISC02_NORMAL.PNG,A380X_COCKPIT_MISC02_NORM.PNG
A380_COCKPIT_MISC03_ALBEDO.PNG,A380X_COCKPIT_MISC03_ALBD.PNG
A380_COCKPIT_MISC03_COMP.PNG,A380X_COCKPIT_MISC03_COMP.PNG
A380_COCKPIT_MISC03_NORMAL.PNG,A380X_COCKPIT_MISC03_NORM.PNG
A380_COCKPIT_OVHD_KNOBS_4K_ALBEDO.PNG,A380X_COCKPIT_OVHD_KNOBS_ALBD.PNG
A380_COCKPIT_OVHD_KNOBS_4K_COMP.PNG,A380X_COCKPIT_OVHD_KNOBS_COMP.PNG
A380_COCKPIT_OVHD_KNOBS_4K_EMMIS.PNG,A380X_COCKPIT_OVHD_KNOBS_EMIS.PNG
A380_COCKPIT_OVHD_KNOBS_4K_NO_RED_EMMIS.PNG,A380X_COCKPIT_OVHD_KNOBS_NO_RED_EMIS.PNG
A380_COCKPIT_OVHD_KNOBS_4K_NORMAL.PNG,A380X_COCKPIT_OVHD_KNOBS_NORM.PNG
A380_COCKPIT_OVHD_SCREWS_4K_ALBEDO.PNG,A380X_COCKPIT_OVHD_SCREWS_ALBD.PNG
A380_COCKPIT_OVHD_SCREWS_4K_COMP.PNG,A380X_COCKPIT_OVHD_SCREWS_COMP.PNG
A380_COCKPIT_OVHD_SCREWS_4K_NORMAL.PNG,A380X_COCKPIT_OVHD_SCREWS_NORM.PNG
A380_COCKPIT_OVHD01_4K_ALBEDO.PNG,A380X_COCKPIT_OVHD01_ALBD.PNG
A380_COCKPIT_OVHD01_4K_COMP.PNG,A380X_COCKPIT_OVHD01_COMP.PNG
A380_COCKPIT_OVHD01_4K_NORMAL.PNG,A380X_COCKPIT_OVHD01_NORM.PNG
A380_COCKPIT_OVHD02_4K_ALBEDO.PNG,A380X_COCKPIT_OVHD02_ALBD.PNG
A380_COCKPIT_OVHD02_4K_COMP.PNG,A380X_COCKPIT_OVHD02_COMP.PNG
A380_COCKPIT_OVHD02_4K_NORMAL.PNG,A380X_COCKPIT_OVHD02_NORM.PNG
A380_COCKPIT_PEDESTAL_KNOBS01_4K_ALBEDO.PNG,A380X_COCKPIT_PEDESTAL_KNOBS01_ALBD.PNG
A380_COCKPIT_PEDESTAL_KNOBS01_4K_COMP.PNG,A380X_COCKPIT_PEDESTAL_KNOBS01_COMP.PNG
A380_COCKPIT_PEDESTAL_KNOBS01_4K_EMMIS.PNG,A380X_COCKPIT_PEDESTAL_KNOBS01_EMIS.PNG
A380_COCKPIT_PEDESTAL_KNOBS01_4K_NORMAL.PNG,A380X_COCKPIT_PEDESTAL_KNOBS01_NORM.PNG
A380_COCKPIT_PEDESTAL_KNOBS02_4K_ALBEDO.PNG,A380X_COCKPIT_PEDESTAL_KNOBS02_ALBD.PNG
A380_COCKPIT_PEDESTAL_KNOBS02_4K_COMP.PNG,A380X_COCKPIT_PEDESTAL_KNOBS02_COMP.PNG
A380_COCKPIT_PEDESTAL_KNOBS02_4K_EMMIS.PNG,A380X_COCKPIT_PEDESTAL_KNOBS02_EMIS.PNG
A380_COCKPIT_PEDESTAL_KNOBS02_4K_NORMAL.PNG,A380X_COCKPIT_PEDESTAL_KNOBS02_NORM.PNG
A380_COCKPIT_PEDESTAL_MISC01_4K_ALBEDO.PNG,A380X_COCKPIT_PEDESTAL_MISC01_ALBD.PNG
A380_COCKPIT_PEDESTAL_MISC01_4K_COMP.PNG,A380X_COCKPIT_PEDESTAL_MISC01_COMP.PNG
A380_COCKPIT_PEDESTAL_MISC01_4K_NORMAL.PNG,A380X_COCKPIT_PEDESTAL_MISC01_NORM.PNG
A380_COCKPIT_PEDESTAL_SCREWS_4K_ALBEDO.PNG,A380X_COCKPIT_PEDESTAL_SCREWS_ALBD.PNG
A380_COCKPIT_PEDESTAL_SCREWS_4K_COMP.PNG,A380X_COCKPIT_PEDESTAL_SCREWS_COMP.PNG
A380_COCKPIT_PEDESTAL_SCREWS_4K_NORMAL.PNG,A380X_COCKPIT_PEDESTAL_SCREWS_NORM.PNG
A380_COCKPIT_PEDESTAL01_4K_ALBEDO.PNG,A380X_COCKPIT_PEDESTAL01_ALBD.PNG
A380_COCKPIT_PEDESTAL01_4K_COMP.PNG,A380X_COCKPIT_PEDESTAL01_COMP.PNG
A380_COCKPIT_PEDESTAL01_4K_NORMAL.PNG,A380X_COCKPIT_PEDESTAL01_NORM.PNG
A380_COCKPIT_PEDESTAL02_4K_ALBEDO.PNG,A380X_COCKPIT_PEDESTAL02_ALBD.PNG
A380_COCKPIT_PEDESTAL02_4K_COMP.PNG,A380X_COCKPIT_PEDESTAL02_COMP.PNG
A380_COCKPIT_PEDESTAL02_4K_EMIS.PNG,A380X_COCKPIT_PEDESTAL02_EMIS.PNG
A380_COCKPIT_PEDESTAL02_4K_NORMAL.PNG,A380X_COCKPIT_PEDESTAL02_NORM.PNG
A380_COCKPIT_PEDESTAL03_4K_ALBEDO.PNG,A380X_COCKPIT_PEDESTAL03_ALBD.PNG
A380_COCKPIT_PEDESTAL03_4K_COMP.PNG,A380X_COCKPIT_PEDESTAL03_COMP.PNG
A380_COCKPIT_PEDESTAL03_4K_NORMAL.PNG,A380X_COCKPIT_PEDESTAL03_NORM.PNG
A380_COCKPIT_PEDESTAL04_4K_ALBEDO.PNG,A380X_COCKPIT_PEDESTAL04_ALBD.PNG
A380_COCKPIT_PEDESTAL04_4K_COMP.PNG,A380X_COCKPIT_PEDESTAL04_COMP.PNG
A380_COCKPIT_PEDESTAL04_4K_NORMAL.PNG,A380X_COCKPIT_PEDESTAL04_NORM.PNG
A380_COCKPIT_PUSHBUTTONS01_4K_ALBEDO.PNG,A380X_COCKPIT_PUSHBUTTONS01_ALBD.PNG
A380_COCKPIT_PUSHBUTTONS01_4K_COMP.PNG,A380X_COCKPIT_PUSHBUTTONS01_COMP.PNG
A380_COCKPIT_PUSHBUTTONS01_4K_NORMAL.PNG,A380X_COCKPIT_PUSHBUTTONS01_NORM.PNG
A380_COCKPIT_RUDDER_4K_ALBEDO.PNG,A380X_COCKPIT_RUDDER_ALBD.PNG
A380_COCKPIT_RUDDER_4K_COMP.PNG,A380X_COCKPIT_RUDDER_COMP.PNG
A380_COCKPIT_RUDDER_4K_NORMAL.PNG,A380X_COCKPIT_RUDDER_NORM.PNG
A380_COCKPIT_SEAT_TEXTILE_4K_ALBEDO.PNG,A380X_COCKPIT_SEAT_TEXTILE_ALBD.PNG
A380_COCKPIT_SEAT_TEXTILE_4K_COMP.PNG,A380X_COCKPIT_SEAT_TEXTILE_COMP.PNG
A380_COCKPIT_SEAT_TEXTILE_4K_NORMAL.PNG,A380X_COCKPIT_SEAT_TEXTILE_NORM.PNG
A380_COCKPIT_SEATS01_4K_ALBEDO.PNG,A380X_COCKPIT_SEATS01_ALBD.PNG
A380_COCKPIT_SEATS01_4K_COMP.PNG,A380X_COCKPIT_SEATS01_COMP.PNG
A380_COCKPIT_SEATS01_4K_NORMAL.PNG,A380X_COCKPIT_SEATS01_NORM.PNG
A380_COCKPIT_SEATS02_4K_ALBEDO.PNG,A380X_COCKPIT_SEATS02_ALBD.PNG
A380_COCKPIT_SEATS02_4K_COMP.PNG,A380X_COCKPIT_SEATS02_COMP.PNG
A380_COCKPIT_SEATS02_4K_NORMAL.PNG,A380X_COCKPIT_SEATS02_NORM.PNG
A380_COCKPIT_SEATS03_4K_ALBEDO.PNG,A380X_COCKPIT_SEATS03_ALBD.PNG
A380_COCKPIT_SEATS03_4K_COMP.PNG,A380X_COCKPIT_SEATS03_COMP.PNG
A380_COCKPIT_SEATS03_4K_NORMAL.PNG,A380X_COCKPIT_SEATS03_NORM.PNG
A380_COCKPIT_SEATSBELT_TEXTILE_4K_ALBEDO.PNG,A380X_COCKPIT_SEATBELT_TEXTILE_ALBD.PNG
A380_COCKPIT_SEATSBELT_TEXTILE_4K_COMP.PNG,A380X_COCKPIT_SEATBELT_TEXTILE_COMP.PNG
A380_COCKPIT_SEATSBELT_TEXTILE_4K_NORMAL.PNG,A380X_COCKPIT_SEATBELT_TEXTILE_NORM.PNG
A380_COCKPIT_SIDEBOARDS01_4K_ALBEDO.PNG,A380X_COCLPIT_SIDEBOARDS01_ALBD.PNG
A380_COCKPIT_SIDEBOARDS01_4K_COMP.PNG,A380X_COCKPIT_SIDEBOARDS01_COMP.PNG
A380_COCKPIT_SIDEBOARDS01_4K_NORMAL.PNG,A380X_COCKPIT_SIDEBOARDS01_NORM.PNG
A380_COCKPIT_SIDEBOARDS02_4K_ALBEDO.PNG,A380X_COCKPIT_SIDEBOARDS02_ALBD.PNG
A380_COCKPIT_SIDEBOARDS02_4K_COMP.PNG,A380X_COCKPIT_SIDEBOARDS02_COMP.PNG
A380_COCKPIT_SIDEBOARDS02_4K_NORMAL.PNG,A380X_COCKPIT_SIDEBOARDS02_NORM.PNG
A380_COCKPIT_SIDEWALL_ISOLATIONS_4K_ALBEDO.PNG,A380X_COCKPIT_SIDEWALL_ISOLATIONS_ALBD.PNG
A380_COCKPIT_SIDEWALL_ISOLATIONS_4K_COMP.PNG,A380X_COCKPIT_SIDEWALL_ISOLATIONS_COMP.PNG
A380_COCKPIT_SIDEWALL_ISOLATIONS_4K_NORMAL.PNG,A380X_COCKPIT_SIDEWALL_ISOLATIONS_NORM.PNG
A380_COCKPIT_SIDEWALL_MISC01_4K_ALBEDO.PNG,A380X_COCKPIT_SIDEWALL_MISC01_ALBD.PNG
A380_COCKPIT_SIDEWALL_MISC01_4K_COMP.PNG,A380X_COCKPIT_SIDEWALL_MISC01_COMP.PNG
A380_COCKPIT_SIDEWALL_MISC01_4K_NORMAL.PNG,A380X_COCKPIT_SIDEWALL_MISC01_NORM.PNG
A380_COCKPIT_SIDEWALL01_4K_ALBEDO.PNG,A380X_COCKPIT_SIDEWALL01_ALBD.PNG
A380_COCKPIT_SIDEWALL01_4K_COMP.PNG,A380X_COCKPIT_SIDEWALL01_COMP.PNG
A380_COCKPIT_SIDEWALL01_4K_NORMAL.PNG,A380X_COCKPIT_SIDEWALL01_NORM.PNG
A380_COCKPIT_SIDEWALL02_4K_ALBEDO.PNG,A380X_COCKPIT_SIDEWALL02_ALBD.PNG
A380_COCKPIT_SIDEWALL02_4K_COMP.PNG,A380X_COCKPIT_SIDEWALL02_COMP.PNG
A380_COCKPIT_SIDEWALL02_4K_NORMAL.PNG,A380X_COCKPIT_SIDEWALL02_NORM.PNG
A380_COCKPIT_SIDEWALLS_FRONTSHIELD_4K_ALBEDO.PNG,A380X_COCKPIT_SIDEWALLS_FRONTSHIELD_ALBD.PNG
A380_COCKPIT_SIDEWALLS_FRONTSHIELD_4K_COMP.PNG,A380X_COCKPIT_SIDEWALLS_FRONTSHIELD_COMP.PNG
A380_COCKPIT_SIDEWALLS_FRONTSHIELD_4K_NORMAL.PNG,A380X_COCKPIT_SIDEWALLS_FRONTSHIELD_NORM.PNG
A380_COCKPIT_STICKER_8K_ALBEDO.PNG,A380X_COCKPIT_STICKER_ALBD.PNG
A380_COCKPIT_STICKER_8K_COMP.PNG,A380X_COCKPIT_STICKER_COMP.PNG
A380_COCKPIT_STICKER_8K_NORMAL.PNG,A380X_COCKPIT_STICKER_NORM.PNG
A380_COCKPIT_WINDOW_STRUCTURE_4K_ALBEDO.PNG,A380X_COCKPIT_WINDOW_STRUCTURE_ALBD.PNG
A380_COCKPIT_WINDOW_STRUCTURE_4K_COMP.PNG,A380X_COCKPIT_WINDOW_STRUCTURE_COMP.PNG
A380_COCKPIT_WINDOW_STRUCTURE_4K_NORMAL.PNG,A380X_COCKPIT_WINDOW_STRUCTURE_NORM.PNG
A380_COCKPIT_WINDSHIELD_FRAME_4K_ALBEDO.PNG,A380X_COCKPIT_WINDSHIELD_FRAME_ALBD.PNG
A380_COCKPIT_WINDSHIELD_FRAME_4K_COMP.PNG,A380X_COCKPIT_WINDSHIELD_FRAME_COMP.PNG
A380_COCKPIT_WINDSHIELD_FRAME_4K_EMMIS.PNG,A380X_COCKPIT_WINDSHIELD_FRAME_EMIS.PNG
A380_COCKPIT_WINDSHIELD_FRAME_4K_NORMAL.PNG,A380X_COCKPIT_WINDSHIELD_FRAME_NORM.PNG
A380_COCKPIT_WINDSHIELD_HEATING_ELMT_ALBD.PNG,A380X_COCKPIT_WINDSHIELD_HEATING_ELMT_ALBD.PNG
A380_DECAL_DOOR_ALBEDO.PNG,A380X_DECAL_DOOR_ALBD.PNG
A380_DECAL_DOOR_NORM.PNG,A380X_DECAL_DOOR_NORM.PNG
A380_DETAIL_RIBBON01_ALBEDO.PNG,A380X_DETAIL_RIBBON01_ALBD.PNG
A380_DETAIL_RIBBON01_COMP.PNG,A380X_DETAIL_RIBBON01_COMP.PNG
A380_DETAIL_RIBBON01_NORMAL.PNG,A380X_DETAIL_RIBBON01_NORM.PNG
A380_EXTERIOR_ENG_CORES_LH_ALBEDO.PNG,A380X_EXT_ENG_CORES_LH_ALBD.PNG
A380_EXTERIOR_ENG_CORES_LH_COMP.PNG,A380X_EXT_ENG_CORES_LH_COMP.PNG
A380_EXTERIOR_ENG_CORES_LH_NORM.PNG,A380X_EXT_ENG_CORES_LH_NORM.PNG
A380_EXTERIOR_ENG_CORES_RH_ALBEDO.PNG,A380X_EXT_ENG_CORES_RH_ALBD.PNG
A380_EXTERIOR_ENG_CORES_RH_NORM.PNG,A380X_EXT_ENG_CORES_RH_NORM.PNG
A380_EXTERIOR_ENG_LH_ALBEDO.PNG,A380X_EXT_ENG_LH_ALBD.PNG
A380_EXTERIOR_ENG_LH_COMP.PNG,A380X_EXT_ENG_LH_COMP.PNG
A380_EXTERIOR_ENG_LH_NORM.PNG,A380X_EXT_ENG_LH_NORM.PNG
A380_EXTERIOR_ENG_RH_ALBEDO.PNG,A380X_EXT_ENG_RH_ALBD.PNG
A380_EXTERIOR_ENG_RH_COMP.PNG,A380X_EXT_ENG_RH_COMP.PNG
A380_EXTERIOR_ENG_RH_NORM.PNG,A380X_EXT_ENG_RH_NORM.PNG
A380_EXTERIOR_ICE_BASECOLOR.PNG,A380X_EXT_ICE_ALBD.PNG
A380_EXTERIOR_ICE_EMISSION.PNG,A380X_EXT_ICE_EMIS.PNG
A380_EXTERIOR_ICE_NORMAL.PNG,A380X_EXT_ICE_NORM.PNG
A380_EXTERIOR_ICE_OCCLUSIONROUGHNESSMETALLIC.PNG,A380X_EXT_ICE_COMP.PNG
A380_EXTERIOR_MISC_ALBEDO.PNG,A380X_EXT_MISC_ALBD.PNG
A380_EXTERIOR_MISC_COMP.PNG,A380X_EXT_MISC_COMP.PNG
A380_EXTERIOR_MISC_NORMAL.PNG,A380X_EXT_MISC_NORM.PNG
A380_EXTERIOR_NLG_ALBEDO.PNG,A380X_EXT_NLG_ALBD.PNG
A380_EXTERIOR_NLG_METAL.PNG,A380X_EXT_NLG_COMP.PNG
A380_EXTERIOR_NLG_NORMAL.PNG,A380X_EXT_NLG_NORM.PNG
A380_EXTERIOR_WING1_2_ALBEDO.PNG,A380X_EXT_WING1_2_ALBD.PNG
A380_EXTERIOR_WING1_2_COMP.PNG,A380X_EXT_WING1_2_COMP.PNG
A380_EXTERIOR_WING1_2_NORM.PNG,A380X_EXT_WING1_2_NORM.PNG
A380_EXTERIOR_WING1_ALBEDO.PNG,A380X_EXT_WING1_ALBD.PNG
A380_EXTERIOR_WING1_COMP.PNG,A380X_EXT_WING1_COMP.PNG
A380_EXTERIOR_WING1_NORM.PNG,A380X_EXT_WING1_NORM.PNG
A380_EXTERIOR_WING2_2_ALBEDO.PNG,A380X_EXT_WING2_2_ALBD.PNG
A380_EXTERIOR_WING2_2_COMP.PNG,A380X_EXT_WING2_2_COMP.PNG
A380_EXTERIOR_WING2_2_NORM.PNG,A380X_EXT_WING2_2_NORM.PNG
A380_EXTERIOR_WING2_ALBEDO.PNG,A380X_EXT_WING2_ALBD.PNG
A380_EXTERIOR_WING2_COMP.PNG,A380X_EXT_WING2_COMP.PNG
A380_EXTERIOR_WING2_NORM.PNG,A380X_EXT_WING2_NORM.PNG
A380_EXTERTIOR_FAN_ALBEDO.PNG,A380X_EXT_FAN_ALBD.PNG
A380_EXTERTIOR_FAN_COMP.PNG,A380X_EXT_FAN_COMP.PNG
A380_EXTERTIOR_FAN_NORM.PNG,A380X_EXT_FAN_NORM.PNG
A380_EXTERTIOR_PYLON_ALBEDO.PNG,A380X_EXT_PYLON_ALBD.PNG
A380_EXTERTIOR_PYLON_COMP.PNG,A380X_EXT_PYLON_COMP.PNG
A380_EXTERTIOR_PYLON_NORM.PNG,A380X_EXT_PYLON_NORM.PNG
A380_PAX_WINDOW_ALBEDO.PNG,A380X_PAX_WINDOW_ALBD.PNG
A380_PAX_WINDOW_COMP.PNG,A380X_PAX_WINDOW_COMP.PNG
A380_PAX_WINDOW_NORM.PNG,A380X_PAX_WINDOW_NORM.PNG
A380_PORTHOLE_ALBD.PNG,A380X_PORTHOLE_ALBD.PNG
A380_PORTHOLE_COMP.PNG,A380X_PORTHOLE_COMP.PNG
A380_PORTHOLE_EMIS.PNG,A380X_PORTHOLE_EMIS.PNG
A380_SUITES_STAIRS_ALBEDO.PNG,A380X_SUITES_STAIRS_ALBD.PNG
A380_SUITES_STAIRS_COMP.PNG,A380X_SUITES_STAIRS_COMP.PNG
A380_SUITES_STAIRS_EMIS.PNG,A380X_SUITES_STAIRS_EMIS.PNG
A380_SUITES_STAIRS_NORM.PNG,A380X_SUITES_STAIRS_NORM.PNG
A380_SUNSHADES_4K_ALBEDO.PNG,A380X_SUNSHADES_ALBD.PNG
A380_SUNSHADES_4K_COMP.PNG,A380X_SUNSHADES_COMP.PNG
A380_SUNSHADES_4K_NORMAL.PNG,A380X_SUNSHADES_NORM.PNG
A380_WINDSHIELD_ALBEDO.PNG,A380X_WINDSHIELD_ALBD.PNG
A380_WINDSHIELD_DETAIL_SCRATCH_COMP.PNG,A380X_WINDSHIELD_DETAIL_SCRATCH_COMP.PNG
A380_WINDSHIELD_DETAIL_SCRATCH_NORMAL.PNG,A380X_WINDSHIELD_DETAIL_SCRATCH_NORM.PNG
A380_WINDSHIELD_FRONT_GLASS_ALBEDO.PNG,A380X_WINDSHIELD_FRONT_GLASS_ALBD.PNG
A380_WINDSHIELD_FRONT_GLASS_COMP.PNG,A380X_WINDSHIELD_FRONT_GLASS_COMP.PNG
A380_WINDSHIELD_NORMAL.PNG,A380X_WINDSHIELD_NORM.PNG
A380X_ACCESSORIES_ALBEDO.PNG,A380X_ACCESSORIES_ALBD.PNG
A380X_ACCESSORIES_EMIS.PNG,A380X_ACCESSORIES_EMIS.PNG
A380X_ACCESSORIES_METAL.PNG,A380X_ACCESSORIES_COMP.PNG
A380X_ACCESSORIES_NORMAL.PNG,A380X_ACCESSORIES_NORM.PNG
A380X_AFT_STAIRS_ALBEDO.PNG,A380X_AFT_STAIRS_ALBD.PNG
A380X_AFT_STAIRS_COMP.PNG,A380X_AFT_STAIRS_COMP.PNG
A380X_AFT_STAIRS_EMIS.PNG,A380X_AFT_STAIRS_EMIS.PNG
A380X_AFT_STAIRS_NORM.PNG,A380X_AFT_STAIRS_NORM.PNG
A380X_BC_SEATS_ALBEDO.PNG,A380X_BC_SEATS_ALBD.PNG
A380X_BC_SEATS_COMP.PNG,A380X_BC_SEATS_COMP.PNG
A380X_BC_SEATS_EMIS.PNG,A380X_BC_SEATS_EMIS.PNG
A380X_BC_SEATS_NORM.PNG,A380X_BC_SEATS_NORM.PNG
A380X_BLG_ALBEDO.PNG,A380X_BLG_ALBD.PNG
A380X_BLG_COMP.PNG,A380X_BLG_COMP.PNG
A380X_BLG_NORM.PNG,A380X_BLG_NORM.PNG
A380X_CABIN_NTF_COMP.PNG,A380X_CABIN_NTF_COMP.PNG
A380X_CAS_SEATS_CABIN_ALBEDO.PNG,A380X_CAS_SEATS_CABIN_ALBD.PNG
A380X_CAS_SEATS_CABIN_COMP.PNG,A380X_CAS_SEATS_CABIN_COMP.PNG
A380X_CAS_SEATS_CABIN_NORM.PNG,A380X_CAS_SEATS_CABIN_NORM.PNG
A380X_DETAIL_CARPET_SEWING_ALBEDO.PNG,A380X_DETAIL_CARPET_SEWING_ALBD.PNG
A380X_DETAIL_CARPET_SEWING_COMP.PNG,A380X_DETAIL_CARPET_SEWING_COMP.PNG
A380X_DETAIL_CARPET_SEWING_NORM.PNG,A380X_DETAIL_CARPET_SEWING_NORM.PNG
A380X_EXTERIOR_WINGFENCE_ALBEDO.PNG,A380X_EXT_WINGFENCE_ALBD.PNG
A380X_EXTERIOR_WINGFENCE_COMP.PNG,A380X_EXT_WINGFENCE_COMP.PNG
A380X_EXTERIOR_WINGFENCE_NORM.PNG,A380X_EXT_WINGFENCE_NORM.PNG
A380X_FUSE1_ALBEDO.PNG,A380X_FUSE1_ALBD.PNG
A380X_FUSE1_METAL.PNG,A380X_FUSE1_COMP.PNG
A380X_FUSE1_NORMAL.PNG,A380X_FUSE1_NORM.PNG
A380X_FUSE2_ALBEDO.PNG,A380X_FUSE2_ALBD.PNG
A380X_FUSE2_METAL.PNG,A380X_FUSE2_COMP.PNG
A380X_FUSE2_NORMAL.PNG,A380X_FUSE2_NORM.PNG
A380X_FUSE3_ALBEDO.PNG,A380X_FUSE3_ALBD.PNG
A380X_FUSE3_METAL.PNG,A380X_FUSE3_COMP.PNG
A380X_FUSE3_NORMAL.PNG,A380X_FUSE3_NORM.PNG
A380X_FUSE4_ALBEDO.PNG,A380X_FUSE4_ALBD.PNG
A380X_FUSE4_METAL.PNG,A380X_FUSE4_COMP.PNG
A380X_FUSE4_NORMAL.PNG,A380X_FUSE4_NORM.PNG
A380X_FUSE5_ALBEDO.PNG,A380X_FUSE5_ALBD.PNG
A380X_FUSE5_METAL.PNG,A380X_FUSE5_COMP.PNG
A380X_FUSE5_NORMAL.PNG,A380X_FUSE5_NORM.PNG
A380X_HATRACK_LIGHT1.PNG,A380X_HATRACK_LIGHT1.PNG
A380X_LAND_LIGHT.PNG,A380X_LAND_LIGHT.PNG
A380X_LAND2_LIGHT.PNG,A380X_LAND2_LIGHT.PNG
A380X_LG_BAY_MAIN_ALBEDO.PNG,A380X_LG_BAY_MAIN_ALBD.PNG
A380X_LG_BAY_MAIN_COMP.PNG,A380X_LG_BAY_MAIN_COMP.PNG
A380X_LG_BAY_MAIN_NORM.PNG,A380X_LG_BAY_MAIN_NORM.PNG
A380X_LIGHT_GLASS_ALBEDO.PNG,A380X_LIGHT_GLASS_ALBD.PNG
A380X_LIGHT_GLASS_METAL.PNG,A380X_LIGHT_GLASS_COMP.PNG
A380X_LIGHT_GLASS_NORMAL.PNG,A380X_LIGHT_GLASS_NORM.PNG
A380X_MAIN_DECK_ASSETS_ALBEDO.PNG,A380X_MAIN_DECK_ASSETS_ALBD.PNG
A380X_MAIN_DECK_ASSETS_COMP.PNG,A380X_MAIN_DECK_ASSETS_COMP.PNG
A380X_MAIN_DECK_ASSETS_NORM.PNG,A380X_MAIN_DECK_ASSETS_NORM.PNG
A380X_MAIN_DECK_CARPET_COMP.PNG,A380X_MAIN_DECK_CARPET_COMP.PNG
A380X_MAIN_DECK_FLOOR_ALBEDO.PNG,A380X_MAIN_DECK_FLOOR_ALBD.PNG
A380X_MAIN_DECK_FLOOR_NORM.PNG,A380X_MAIN_DECK_FLOOR_NORM.PNG
A380X_MAIN_DECK_GALLEY_ALBEDO.PNG,A380X_MAIN_DECK_GALLEY_ALBD.PNG
A380X_MAIN_DECK_GALLEY_COMP.PNG,A380X_MAIN_DECK_GALLEY_COMP.PNG
A380X_MAIN_DECK_GALLEY_NORM.PNG,A380X_MAIN_DECK_GALLEY_NORM.PNG
A380X_MAIN_DECK_PEC_SIDEWALLS_ALBEDO.PNG,A380X_MAIN_DECK_PEC_SIDEWALLS_ALBD.PNG
A380X_MAIN_DECK_PEC_SIDEWALLS_COMP.PNG,A380X_MAIN_DECK_PEC_SIDEWALLS_COMP.PNG
A380X_MAIN_DECK_PEC_SIDEWALLS_EMIS.PNG,A380X_MAIN_DECK_PEC_SIDEWALLS_EMIS.PNG
A380X_MAIN_DECK_PEC_SIDEWALLS_NORM.PNG,A380X_MAIN_DECK_PEC_SIDEWALLS_NORM.PNG
A380X_MAIN_DECK_YC_SIDEWALLS_ALBEDO.PNG,A380X_MAIN_DECK_YC_SIDEWALLS_ALBD.PNG
A380X_MAIN_DECK_YC_SIDEWALLS_COMP.PNG,A380X_MAIN_DECK_YC_SIDEWALLS_COMP.PNG
A380X_MAIN_DECK_YC_SIDEWALLS_EMIS.PNG,A380X_MAIN_DECK_YC_SIDEWALLS_EMIS.PNG
A380X_MAIN_DECK_YC_SIDEWALLS_NORM.PNG,A380X_MAIN_DECK_YC_SIDEWALLS_NORM.PNG
A380X_MIP_1.PNG,A380X_MIP_1.PNG
A380X_MIP_2.PNG,A380X_MIP_2.PNG
A380X_MIP_3.PNG,A380X_MIP_3.PNG
A380X_MIP_4.PNG,A380X_MIP_4.PNG
A380X_PAX_DOORS_ALBEDO.PNG,A380X_PAX_DOORS_ALBD.PNG
A380X_PAX_DOORS_COMP.PNG,A380X_PAX_DOORS_COMP.PNG
A380X_PAX_DOORS_EMIS.PNG,A380X_PAX_DOORS_EMIS.PNG
A380X_PAX_DOORS_NORM.PNG,A380X_PAX_DOORS_NORM.PNG
A380X_PAX_INNER_WINDOW_ALBEDO.PNG,A380X_PAX_INNER_WINDOW_ALBD.PNG
A380X_PAX_INNER_WINDOW_METAL.PNG,A380X_PAX_INNER_WINDOW_COMP.PNG
A380X_PEC_SEATS_ALBEDO.PNG,A380X_PEC_SEATS_ALBD.PNG
A380X_PEC_SEATS_COMP.PNG,A380X_PEC_SEATS_COMP.PNG
A380X_PEC_SEATS_NORM.PNG,A380X_PEC_SEATS_NORM.PNG
A380X_REGISTRATION_ALBEDO.PNG,A380X_REGISTRATION_ALBD.PNG
A380X_REGISTRATION_NORMAL.PNG,A380X_REGISTRATION_NORM.PNG
A380X_SUITE_CEILING_ALBEDO.PNG,A380X_SUITE_CEILING_ALBD.PNG
A380X_SUITE_CEILING_COMP.PNG,A380X_SUITE_CEILING_COMP.PNG
A380X_SUITE_CEILING_EMIS.PNG,A380X_SUITE_CEILING_EMIS.PNG
A380X_SUITE_CEILING_NORM.PNG,A380X_SUITE_CEILING_NORM.PNG
A380X_SUITES_ALBEDO.PNG,A380X_SUITES_ALBD.PNG
A380X_SUITES_COMP.PNG,A380X_SUITES_COMP.PNG
A380X_SUITES_EMIS.PNG,A380X_SUITES_EMIS.PNG
A380X_SUITES_NORM.PNG,A380X_SUITES_NORM.PNG
A380X_TAXI_LIGHT.PNG,A380X_TAXI_LIGHT.PNG
A380X_UPPER_DECK_FLOOR_COMP.PNG,A380X_UPPER_DECK_FLOOR_COMP.PNG
A380X_WING_LIGHT_1LH.PNG,A380X_WING_LIGHT_1LH.PNG
A380X_WIPER_MASK.PNG,A380X_WIPER_MASK.PNG
A380X_WLG_ALBEDO.PNG,A380X_WLG_ALBD.PNG
A380X_WLG_COMP.PNG,A380X_WLG_COMP.PNG
A380X_WLG_NORM.PNG,A380X_WLG_NORM.PNG
A380X_YC_SEAT_ALBEDO.PNG,A380X_YC_SEAT_ALBD.PNG
A380X_YC_SEAT_COMP.PNG,A380X_YC_SEAT_COMP.PNG
A380X_YC_SEAT_NORM.PNG,A380X_YC_SEAT_NORM.PNG
CARGO_FWD_COMP.PNG,A380X_CARGO_FWD_COMP.PNG
CARGO_FWD_NML.PNG,A380X_CARGO_FWD_NORM.PNG
CARGO_FWD.PNG,A380X_CARGO_FWD_ALBD.PNG
COCKPIT_FLOOR_PANELS_DETAIL_4K_ALBEDO.PNG,A380X_COCKPIT_FLOOR_PANELS_DETAIL_ALBD.PNG
COCKPIT_FLOOR_PANELS_DETAIL_4K_COMP.PNG,A380X_COCKPIT_FLOOR_PANELS_DETAIL_COMP.PNG
COCKPIT_FLOOR_PANELS_DETAIL_4K_NORMAL.PNG,A380X_COCKPIT_FLOOR_PANELS_DETAIL_NORM.PNG
DECAL_COCKPIT_NORMAL.PNG,A380X_DECAL_COCKPIT_NORM.PNG
DECAL_COCKPIT.PNG,A380X_DECAL_COCKPIT_ALBD.PNG
ENGINE_BLUR1_ALBEDO.PNG,A380X_ENGINE_BLUR1_ALBD.PNG
ENGINE_BLUR1_COMP.PNG,A380X_ENGINE_BLUR1_COMP.PNG
ENGINE_BLUR2_ALBEDO.PNG,A380X_ENGINE_BLUR2_ALBD.PNG
ENGINE_BLUR2_COMP.PNG,A380X_ENGINE_BLUR2_COMP.PNG
ENGINE_BLUR3_ALBEDO.PNG,A380X_ENGINE_BLUR3_ALBD.PNG
ENGINE_BLUR3_COMP.PNG,A380X_ENGINE_BLUR3_COMP.PNG
ENGINE_BLUR4_ALBEDO.PNG,A380X_ENGINE_BLUR4_ALBD.PNG
ENGINE_BLUR4_COMP.PNG,A380X_ENGINE_BLUR4_COMP.PNG
FWD_CARGO_DECALS.PNG,A380X_FWD_CARGO_DECALS_ALBD.PNG
LIGHT_OVHD_CHECKED_ALBEDO.PNG,A380X_LIGHT_OVHD_CHECKED_ALBD.PNG
LIGHT_OVHD_CHECKED_COMP.PNG,A380X_LIGHT_OVHD_CHECKED_COMP.PNG
LIGHT_OVHD_CHECKED_EMISSIVE.PNG,A380X_LIGHT_OVHD_CHECKED_EMIS.PNG
LIGHT_OVHD_CHECKED_NORMAL.PNG,A380X_LIGHT_OVHD_CHECKED_NORM.PNG
MIKES_CABLES_4K_ALBEDO.PNG,A380X_MIKES_CABLES_ALBD.PNG
MIKES_CABLES_4K_COMP.PNG,A380X_MIKES_CABLES_COMP.PNG
MIKES_CABLES_4K_EMMIS.PNG,A380X_MIKES_CABLES_EMIS.PNG
MIKES_CABLES_4K_NORMAL.PNG,A380X_MIKES_CABLES_NORM.PNG
MISC_ALBEDO.PNG,A380X_MISC_ALBD.PNG
MISC_COMP.PNG,A380X_MISC_COMP.PNG
MISC_NORM.PNG,A380X_MISC_NORM.PNG
PUSH_BASE_ALBEDO.PNG,A380X_PUSH_BASE_ALBD.PNG
PUSH_BASE_METAL.PNG,A380X_PUSH_BASE_COMP.PNG
PUSH_BASE_NORMAL.PNG,A380X_PUSH_BASE_NORM.PNG
PUSH_TEXT_EMIS.PNG,A380X_PUSH_TEXT_EMIS.PNG
RAT_BLUR_3.PNG,A380X_RAT_BLUR_ALBD.PNG
RUDDER_CABLES_4K_ALBEDO.PNG,A380X_RUDDER_CABLES_ALBD.PNG
RUDDER_CABLES_4K_COMP.PNG,A380X_RUDDER_CABLES_COMP.PNG
RUDDER_CABLES_4K_NORMAL.PNG,A380X_RUDDER_CABLES_NORM.PNG
SCREEN_EMISSIVE.PNG,A380X_SCREEN_EMIS.PNG
TIRES_ALB.PNG,A380X_TIRES_ALBD.PNG
TIRES_COMP.PNG,A380X_TIRES_COMP.PNG
TIRES_NML.PNG,A380X_TIRES_NORM.PNG
